Date,OnlinePlayers
2018-01-01,2192743
2018-01-02,4804572
2018-01-03,2734489
2018-01-04,2070006
2018-01-05,1636074
2018-01-06,4544887
2018-01-07,1739911
2018-01-08,4972471
2018-01-09,2638242
2018-01-10,2266891
2018-01-11,3844769
2018-01-12,1291743
2018-01-13,603355
2018-01-14,1762752
2018-01-15,1896025
2018-01-16,1807371
2018-01-17,1417040
2018-01-18,2753882
2018-01-19,4030409
2018-01-20,2000942
2018-01-21,4760029
2018-01-22,3775709
2018-01-23,584654
2018-01-24,2454354
2018-01-25,2916182
2018-01-26,3974675
2018-01-27,3152991
2018-01-28,2928388
2018-01-29,1028178
2018-01-30,3163046
2018-01-31,3086644
2018-02-01,3070406
2018-02-02,3916664
2018-02-03,3885659
2018-02-04,3885357
2018-02-05,3295513
2018-02-06,1965689
2018-02-07,568148
2018-02-08,2325665
2018-02-09,3245683
2018-02-10,3897723
2018-02-11,3503758
2018-02-12,4556518
2018-02-13,3169995
2018-02-14,4950812
2018-02-15,2370928
2018-02-16,4655299
2018-02-17,3057489
2018-02-18,2273415
2018-02-19,2805413
2018-02-20,4410197
2018-02-21,771836
2018-02-22,4084702
2018-02-23,2595505
2018-02-24,2799435
2018-02-25,696769
2018-02-26,3158505
2018-02-27,1771741
2018-02-28,4269315
2018-03-01,1546797
2018-03-02,3547262
2018-03-03,2084398
2018-03-04,3085031
2018-03-05,1064685
2018-03-06,3379190
2018-03-07,1811736
2018-03-08,1507293
2018-03-09,3866612
2018-03-10,523247
2018-03-11,3204238
2018-03-12,3130708
2018-03-13,3994679
2018-03-14,2267640
2018-03-15,3113740
2018-03-16,1785160
2018-03-17,1925472
2018-03-18,548984
2018-03-19,2900070
2018-03-20,3765879
2018-03-21,2004384
2018-03-22,2730919
2018-03-23,2252126
2018-03-24,4830634
2018-03-25,2237095
2018-03-26,2611138
2018-03-27,2609818
2018-03-28,2731785
2018-03-29,4983302
2018-03-30,3448089
2018-03-31,3225928
2018-04-01,4353339
2018-04-02,2343400
2018-04-03,1579111
2018-04-04,1496107
2018-04-05,4021441
2018-04-06,2370230
2018-04-07,4247389
2018-04-08,4642807
2018-04-09,4102279
2018-04-10,2621690
2018-04-11,3491650
2018-04-12,991234
2018-04-13,2448260
2018-04-14,4833486
2018-04-15,2021101
2018-04-16,4878368
2018-04-17,4908324
2018-04-18,3636729
2018-04-19,1397421
2018-04-20,622409
2018-04-21,2516716
2018-04-22,2850770
2018-04-23,1269598
2018-04-24,3767824
2018-04-25,3831068
2018-04-26,3756415
2018-04-27,1374371
2018-04-28,3332868
2018-04-29,4372998
2018-04-30,1473548
2018-05-01,3844014
2018-05-02,1713475
2018-05-03,3970495
2018-05-04,3459034
2018-05-05,543585
2018-05-06,3557213
2018-05-07,3039448
2018-05-08,609556
2018-05-09,2075557
2018-05-10,4527419
2018-05-11,4894539
2018-05-12,2623091
2018-05-13,2509021
2018-05-14,1701482
2018-05-15,1042335
2018-05-16,3933977
2018-05-17,4770070
2018-05-18,4060920
2018-05-19,2984413
2018-05-20,3407360
2018-05-21,3282592
2018-05-22,2735000
2018-05-23,4822252
2018-05-24,902690
2018-05-25,3048421
2018-05-26,4716263
2018-05-27,4306618
2018-05-28,2454109
2018-05-29,4922880
2018-05-30,3612754
2018-05-31,1884250
2018-06-01,4525717
2018-06-02,561087
2018-06-03,1996176
2018-06-04,2386013
2018-06-05,539353
2018-06-06,3860011
2018-06-07,4759622
2018-06-08,916880
2018-06-09,1313168
2018-06-10,725281
2018-06-11,3617697
2018-06-12,4282875
2018-06-13,3495765
2018-06-14,769536
2018-06-15,4872093
2018-06-16,2061729
2018-06-17,2722809
2018-06-18,1181669
2018-06-19,4364822
2018-06-20,1619043
2018-06-21,3829462
2018-06-22,2706903
2018-06-23,2241093
2018-06-24,3058231
2018-06-25,4800385
2018-06-26,3580389
2018-06-27,2161909
2018-06-28,3156138
2018-06-29,610078
2018-06-30,2415631
2018-07-01,1904104
2018-07-02,2508187
2018-07-03,2159066
2018-07-04,4673125
2018-07-05,2648815
2018-07-06,4524066
2018-07-07,4635314
2018-07-08,1410681
2018-07-09,2107618
2018-07-10,4396830
2018-07-11,4836787
2018-07-12,3255423
2018-07-13,2533350
2018-07-14,2811987
2018-07-15,571295
2018-07-16,1243974
2018-07-17,3945376
2018-07-18,4112600
2018-07-19,1325816
2018-07-20,874705
2018-07-21,4217270
2018-07-22,2356926
2018-07-23,2158845
2018-07-24,2526793
2018-07-25,1054594
2018-07-26,647718
2018-07-27,4004473
2018-07-28,2704664
2018-07-29,4841747
2018-07-30,2019163
2018-07-31,1186976
2018-08-01,2972189
2018-08-02,3641259
2018-08-03,617796
2018-08-04,1741082
2018-08-05,4614639
2018-08-06,3188130
2018-08-07,4174515
2018-08-08,2079159
2018-08-09,1407317
2018-08-10,2985367
2018-08-11,1168234
2018-08-12,878480
2018-08-13,1291971
2018-08-14,1001157
2018-08-15,4878727
2018-08-16,4624499
2018-08-17,3113501
2018-08-18,3421944
2018-08-19,4827576
2018-08-20,3583153
2018-08-21,3299487
2018-08-22,3404941
2018-08-23,2600021
2018-08-24,1860828
2018-08-25,1118467
2018-08-26,2635619
2018-08-27,4455488
2018-08-28,2207923
2018-08-29,628391
2018-08-30,1517026
2018-08-31,4801754
2018-09-01,2769042
2018-09-02,2483509
2018-09-03,616381
2018-09-04,2021701
2018-09-05,2120197
2018-09-06,2731660
2018-09-07,2278226
2018-09-08,1699386
2018-09-09,3938618
2018-09-10,2514484
2018-09-11,3437629
2018-09-12,2957184
2018-09-13,3643963
2018-09-14,4603022
2018-09-15,1918175
2018-09-16,4306688
2018-09-17,4272962
2018-09-18,4691423
2018-09-19,4541776
2018-09-20,3227423
2018-09-21,2260427
2018-09-22,4818427
2018-09-23,3951356
2018-09-24,1631565
2018-09-25,3944084
2018-09-26,3427109
2018-09-27,4872578
2018-09-28,3009079
2018-09-29,3387004
2018-09-30,2431760
2018-10-01,631373
2018-10-02,615294
2018-10-03,3632514
2018-10-04,4835868
2018-10-05,1926388
2018-10-06,4351424
2018-10-07,2715167
2018-10-08,4386402
2018-10-09,1189944
2018-10-10,1188105
2018-10-11,3110910
2018-10-12,2489173
2018-10-13,3580761
2018-10-14,1914466
2018-10-15,945101
2018-10-16,1605534
2018-10-17,3727802
2018-10-18,2083593
2018-10-19,2303649
2018-10-20,1724665
2018-10-21,2794544
2018-10-22,4853127
2018-10-23,998863
2018-10-24,867654
2018-10-25,3176188
2018-10-26,5795990
2018-10-27,1992785
2018-10-28,1297079
2018-10-29,4542787
2018-10-30,4428083
2018-10-31,3199015
2018-11-01,3914527
2018-11-02,1786125
2018-11-03,4240047
2018-11-04,948982
2018-11-05,1672622
2018-11-06,3003771
2018-11-07,3677825
2018-11-08,1496161
2018-11-09,4683839
2018-11-10,1166326
2018-11-11,1149150
2018-11-12,3875957
2018-11-13,618834
2018-11-14,3739576
2018-11-15,3698649
2018-11-16,4979125
2018-11-17,4749913
2018-11-18,4922201
2018-11-19,1579600
2018-11-20,1525715
2018-11-21,1938533
2018-11-22,2781230
2018-11-23,4003157
2018-11-24,961243
2018-11-25,2558852
2018-11-26,3759360
2018-11-27,2485588
2018-11-28,751451
2018-11-29,4697355
2018-11-30,2252683
2018-12-01,1504646
2018-12-02,1471525
2018-12-03,4367500
2018-12-04,4883711
2018-12-05,949395
2018-12-06,1760386
2018-12-07,3554390
2018-12-08,3879569
2018-12-09,3400603
2018-12-10,3467197
2018-12-11,722866
2018-12-12,1635248
2018-12-13,2146711
2018-12-14,1923286
2018-12-15,4195961
2018-12-16,3677945
2018-12-17,3913821
2018-12-18,683062
2018-12-19,2991518
2018-12-20,3341992
2018-12-21,4794539
2018-12-22,3720468
2018-12-23,1303328
2018-12-24,4562958
2018-12-25,1543233
2018-12-26,2211741
2018-12-27,1029525
2018-12-28,676615
2018-12-29,4881932
2018-12-30,3235988
2018-12-31,4199391
2019-01-01,1041252
2019-01-02,2186293
2019-01-03,4112610
2019-01-04,2664367
2019-01-05,2404050
2019-01-06,644356
2019-01-07,4898165
2019-01-08,3599320
2019-01-09,855612
2019-01-10,4100333
2019-01-11,509435
2019-01-12,2248014
2019-01-13,4221309
2019-01-14,4773085
2019-01-15,2788627
2019-01-16,1264121
2019-01-17,1669748
2019-01-18,4002630
2019-01-19,3082115
2019-01-20,1607677
2019-01-21,788790
2019-01-22,3144489
2019-01-23,1908836
2019-01-24,2141249
2019-01-25,4193305
2019-01-26,4966271
2019-01-27,4885536
2019-01-28,1852695
2019-01-29,2606692
2019-01-30,2089228
2019-01-31,4043555
2019-02-01,3149103
2019-02-02,1600567
2019-02-03,2785903
2019-02-04,4332065
2019-02-05,549115
2019-02-06,3837690
2019-02-07,1221747
2019-02-08,3549851
2019-02-09,3323100
2019-02-10,3484626
2019-02-11,1904330
2019-02-12,751492
2019-02-13,4535851
2019-02-14,991072
2019-02-15,1586880
2019-02-16,2555723
2019-02-17,2748988
2019-02-18,4803244
2019-02-19,1814093
2019-02-20,3264673
2019-02-21,3476242
2019-02-22,3148790
2019-02-23,4263024
2019-02-24,3146791
2019-02-25,3210108
2019-02-26,3853597
2019-02-27,565953
2019-02-28,4489618
2019-03-01,3097480
2019-03-02,4697571
2019-03-03,3422097
2019-03-04,657164
2019-03-05,2728636
2019-03-06,1031831
2019-03-07,3489475
2019-03-08,3706420
2019-03-09,3865884
2019-03-10,3869720
2019-03-11,3140328
2019-03-12,1191095
2019-03-13,1333727
2019-03-14,1662928
2019-03-15,2683151
2019-03-16,3663683
2019-03-17,4470001
2019-03-18,570640
2019-03-19,4890886
2019-03-20,2500991
2019-03-21,4622263
2019-03-22,4755780
2019-03-23,1855531
2019-03-24,1175510
2019-03-25,4241196
2019-03-26,3234296
2019-03-27,3831869
2019-03-28,1398320
2019-03-29,2507635
2019-03-30,1726607
2019-03-31,4563960
2019-04-01,3764908
2019-04-02,4760538
2019-04-03,2112818
2019-04-04,2775504
2019-04-05,3725187
2019-04-06,4598502
2019-04-07,4121581
2019-04-08,4746238
2019-04-09,925523
2019-04-10,4099865
2019-04-11,4699790
2019-04-12,1539458
2019-04-13,4272811
2019-04-14,2817336
2019-04-15,4660435
2019-04-16,3263642
2019-04-17,2309891
2019-04-18,4288340
2019-04-19,2919862
2019-04-20,697775
2019-04-21,2886488
2019-04-22,1287494
2019-04-23,1701193
2019-04-24,4443334
2019-04-25,3509758
2019-04-26,1033636
2019-04-27,3538370
2019-04-28,4732406
2019-04-29,4768764
2019-04-30,3735658
2019-05-01,2276203
2019-05-02,2776360
2019-05-03,4908249
2019-05-04,4926219
2019-05-05,3034629
2019-05-06,1025830
2019-05-07,1832397
2019-05-08,2636233
2019-05-09,1218216
2019-05-10,1017313
2019-05-11,4165060
2019-05-12,3962565
2019-05-13,1837682
2019-05-14,1786643
2019-05-15,2033584
2019-05-16,894540
2019-05-17,3115075
2019-05-18,4942987
2019-05-19,526790
2019-05-20,2191738
2019-05-21,3408873
2019-05-22,948345
2019-05-23,1249074
2019-05-24,4185501
2019-05-25,2379490
2019-05-26,4387857
2019-05-27,3676083
2019-05-28,1954908
2019-05-29,2753694
2019-05-30,3819144
2019-05-31,805062
2019-06-01,2887312
2019-06-02,4193976
2019-06-03,4908224
2019-06-04,4535493
2019-06-05,3888532
2019-06-06,1925541
2019-06-07,2371403
2019-06-08,1321052
2019-06-09,2307150
2019-06-10,2725300
2019-06-11,2355567
2019-06-12,2034837
2019-06-13,4001268
2019-06-14,3838442
2019-06-15,4954051
2019-06-16,923570
2019-06-17,2873139
2019-06-18,1358158
2019-06-19,2614792
2019-06-20,552528
2019-06-21,2373421
2019-06-22,3098260
2019-06-23,1917077
2019-06-24,3795887
2019-06-25,3818230
2019-06-26,2752728
2019-06-27,2985195
2019-06-28,4760507
2019-06-29,660775
2019-06-30,3167867
2019-07-01,2063299
2019-07-02,3969401
2019-07-03,4275803
2019-07-04,1844027
2019-07-05,4666500
2019-07-06,1291267
2019-07-07,997562
2019-07-08,4348693
2019-07-09,4537776
2019-07-10,2504168
2019-07-11,4510912
2019-07-12,2679996
2019-07-13,2100396
2019-07-14,3811149
2019-07-15,622402
2019-07-16,1666588
2019-07-17,2996081
2019-07-18,3177618
2019-07-19,1075278
2019-07-20,1678049
2019-07-21,3580201
2019-07-22,4062737
2019-07-23,3964442
2019-07-24,1774732
2019-07-25,3814692
2019-07-26,4693398
2019-07-27,1610389
2019-07-28,527712
2019-07-29,4571647
2019-07-30,4412942
2019-07-31,612816
2019-08-01,2135156
2019-08-02,635230
2019-08-03,2266616
2019-08-04,4963418
2019-08-05,1883194
2019-08-06,3601360
2019-08-07,2381548
2019-08-08,4845760
2019-08-09,3751298
2019-08-10,4965150
2019-08-11,500404
2019-08-12,1823483
2019-08-13,2222320
2019-08-14,2832517
2019-08-15,3696340
2019-08-16,663273
2019-08-17,4354418
2019-08-18,4152692
2019-08-19,1587341
2019-08-20,4477266
2019-08-21,3531756
2019-08-22,1343523
2019-08-23,1046237
2019-08-24,4540479
2019-08-25,592193
2019-08-26,3681915
2019-08-27,1686887
2019-08-28,3508038
2019-08-29,1008153
2019-08-30,3834817
2019-08-31,4082069
2019-09-01,3215514
2019-09-02,3158571
2019-09-03,2179748
2019-09-04,2723069
2019-09-05,3945498
2019-09-06,981680
2019-09-07,3136694
2019-09-08,3461293
2019-09-09,4600673
2019-09-10,2034026
2019-09-11,815826
2019-09-12,3967366
2019-09-13,827359
2019-09-14,4248603
2019-09-15,4701253
2019-09-16,3360337
2019-09-17,817537
2019-09-18,1050222
2019-09-19,3073619
2019-09-20,2953752
2019-09-21,1864133
2019-09-22,2432247
2019-09-23,1853038
2019-09-24,750875
2019-09-25,4764694
2019-09-26,1207689
2019-09-27,4947794
2019-09-28,2115952
2019-09-29,1796516
2019-09-30,3030179
2019-10-01,2056617
2019-10-02,3963351
2019-10-03,1765040
2019-10-04,2354971
2019-10-05,1150199
2019-10-06,4534628
2019-10-07,2349396
2019-10-08,3191276
2019-10-09,1128861
2019-10-10,3026954
2019-10-11,1161614
2019-10-12,3857519
2019-10-13,1166997
2019-10-14,2226351
2019-10-15,1572647
2019-10-16,2131107
2019-10-17,1528455
2019-10-18,1805794
2019-10-19,2450367
2019-10-20,2410705
2019-10-21,2101596
2019-10-22,4291481
2019-10-23,4650276
2019-10-24,2882357
2019-10-25,3987124
2019-10-26,2745131
2019-10-27,4746049
2019-10-28,591865
2019-10-29,4544588
2019-10-30,1572200
2019-10-31,2620473
2019-11-01,3000856
2019-11-02,3406158
2019-11-03,4568472
2019-11-04,1722869
2019-11-05,2783869
2019-11-06,3625354
2019-11-07,4582494
2019-11-08,3429551
2019-11-09,2781020
2019-11-10,3256944
2019-11-11,2787623
2019-11-12,1414032
2019-11-13,4482588
2019-11-14,2067438
2019-11-15,1417559
2019-11-16,1135605
2019-11-17,1315131
2019-11-18,567661
2019-11-19,2578007
2019-11-20,1807506
2019-11-21,2471206
2019-11-22,3401614
2019-11-23,3466422
2019-11-24,4208654
2019-11-25,618033
2019-11-26,1130265
2019-11-27,3210309
2019-11-28,3418258
2019-11-29,1715502
2019-11-30,1921796
2019-12-01,3262779
2019-12-02,2819049
2019-12-03,4220464
2019-12-04,2692614
2019-12-05,1270173
2019-12-06,3169355
2019-12-07,3912504
2019-12-08,967010
2019-12-09,2155016
2019-12-10,2197900
2019-12-11,4721038
2019-12-12,1423875
2019-12-13,2623221
2019-12-14,4380993
2019-12-15,3068103
2019-12-16,581264
2019-12-17,523275
2019-12-18,3193714
2019-12-19,2960072
2019-12-20,1072735
2019-12-21,2500609
2019-12-22,1412826
2019-12-23,3197143
2019-12-24,1362522
2019-12-25,1303692
2019-12-26,1661157
2019-12-27,1814532
2019-12-28,921240
2019-12-29,4359744
2019-12-30,1444789
2019-12-31,3607092
2020-01-01,2713573
2020-01-02,1025893
2020-01-03,2755363
2020-01-04,4881514
2020-01-05,4648887
2020-01-06,1707094
2020-01-07,2721192
2020-01-08,1168406
2020-01-09,4168866
2020-01-10,3353406
2020-01-11,1533255
2020-01-12,3552766
2020-01-13,1040677
2020-01-14,3594235
2020-01-15,1671459
2020-01-16,3359653
2020-01-17,2466197
2020-01-18,887952
2020-01-19,2709373
2020-01-20,4647703
2020-01-21,1530117
2020-01-22,3396818
2020-01-23,2857821
2020-01-24,1025134
2020-01-25,744761
2020-01-26,3430098
2020-01-27,3471820
2020-01-28,564323
2020-01-29,1737715
2020-01-30,1454480
2020-01-31,2832811
2020-02-01,1354016
2020-02-02,1364909
2020-02-03,1550493
2020-02-04,782762
2020-02-05,2105118
2020-02-06,3383427
2020-02-07,1916012
2020-02-08,1071650
2020-02-09,4976576
2020-02-10,885925
2020-02-11,3363793
2020-02-12,4257974
2020-02-13,903081
2020-02-14,2899105
2020-02-15,878892
2020-02-16,4699591
2020-02-17,3654240
2020-02-18,1156702
2020-02-19,3754600
2020-02-20,2485296
2020-02-21,2690222
2020-02-22,4249783
2020-02-23,3219269
2020-02-24,2824797
2020-02-25,1286667
2020-02-26,1853649
2020-02-27,2212503
2020-02-28,3485418
2020-02-29,4109736
2020-03-01,1884418
2020-03-02,886594
2020-03-03,3369760
2020-03-04,4306503
2020-03-05,4337247
2020-03-06,1592501
2020-03-07,637023
2020-03-08,1635964
2020-03-09,1983624
2020-03-10,2655748
2020-03-11,5956109
2020-03-12,3545179
2020-03-13,4425282
2020-03-14,1373172
2020-03-15,4185540
2020-03-16,1022244
2020-03-17,4563309
2020-03-18,1562636
2020-03-19,2286921
2020-03-20,1329735
2020-03-21,3836007
2020-03-22,4330375
2020-03-23,3062469
2020-03-24,3586176
2020-03-25,3795374
2020-03-26,4181262
2020-03-27,3109089
2020-03-28,3008749
2020-03-29,1414228
2020-03-30,1453959
2020-03-31,2689415
2020-04-01,2127781
2020-04-02,3869538
2020-04-03,3742374
2020-04-04,845266
2020-04-05,4456679
2020-04-06,2038601
2020-04-07,3077855
2020-04-08,3571475
2020-04-09,4503484
2020-04-10,1607955
2020-04-11,4302010
2020-04-12,2432728
2020-04-13,2399492
2020-04-14,2861632
2020-04-15,1914397
2020-04-16,3677993
2020-04-17,3631209
2020-04-18,1723520
2020-04-19,4557893
2020-04-20,3717635
2020-04-21,2800119
2020-04-22,2399443
2020-04-23,3948503
2020-04-24,1939758
2020-04-25,2305468
2020-04-26,3927975
2020-04-27,626108
2020-04-28,3660110
2020-04-29,3730019
2020-04-30,2207692
2020-05-01,2580154
2020-05-02,2744702
2020-05-03,3877778
2020-05-04,3030034
2020-05-05,3192755
2020-05-06,888349
2020-05-07,1562729
2020-05-08,3624071
2020-05-09,3886501
2020-05-10,2479079
2020-05-11,4022905
2020-05-12,576077
2020-05-13,4827819
2020-05-14,1755564
2020-05-15,2408327
2020-05-16,625885
2020-05-17,1041656
2020-05-18,1170688
2020-05-19,2785166
2020-05-20,4924507
2020-05-21,2551531
2020-05-22,3292427
2020-05-23,3420803
2020-05-24,3857679
2020-05-25,4890020
2020-05-26,3181719
2020-05-27,1390695
2020-05-28,4694430
2020-05-29,1338761
2020-05-30,1000315
2020-05-31,2914472
2020-06-01,1799445
2020-06-02,998716
2020-06-03,3641069
2020-06-04,3821127
2020-06-05,3059272
2020-06-06,2776106
2020-06-07,2502324
2020-06-08,4827021
2020-06-09,3824323
2020-06-10,4451416
2020-06-11,994592
2020-06-12,3745886
2020-06-13,4354261
2020-06-14,4078226
2020-06-15,2529454
2020-06-16,2927540
2020-06-17,2215630
2020-06-18,818408
2020-06-19,968276
2020-06-20,2654697
2020-06-21,1011411
2020-06-22,3422808
2020-06-23,3617172
2020-06-24,1384377
2020-06-25,4735042
2020-06-26,2398739
2020-06-27,1729336
2020-06-28,1517433
2020-06-29,3261089
2020-06-30,4178086
2020-07-01,2081530
2020-07-02,2587258
2020-07-03,4992816
2020-07-04,3249178
2020-07-05,1496530
2020-07-06,1271253
2020-07-07,3101623
2020-07-08,1878246
2020-07-09,4608997
2020-07-10,3403540
2020-07-11,3864695
2020-07-12,4478400
2020-07-13,2691422
2020-07-14,1545482
2020-07-15,1795302
2020-07-16,4502640
2020-07-17,1070451
2020-07-18,519816
2020-07-19,1467344
2020-07-20,3355059
2020-07-21,2912149
2020-07-22,3852252
2020-07-23,4232839
2020-07-24,1538896
2020-07-25,3797606
2020-07-26,3378604
2020-07-27,4080893
2020-07-28,4827858
2020-07-29,4456602
2020-07-30,4596951
2020-07-31,764223
2020-08-01,3819260
2020-08-02,3194287
2020-08-03,2166471
2020-08-04,1088365
2020-08-05,1203662
2020-08-06,1805585
2020-08-07,4592097
2020-08-08,3159440
2020-08-09,2099601
2020-08-10,4443645
2020-08-11,4995013
2020-08-12,4551774
2020-08-13,1734816
2020-08-14,2125351
2020-08-15,2464956
2020-08-16,3948678
2020-08-17,1627199
2020-08-18,4011049
2020-08-19,4563186
2020-08-20,2780827
2020-08-21,2285910
2020-08-22,3595900
2020-08-23,4543064
2020-08-24,3102967
2020-08-25,3938550
2020-08-26,576218
2020-08-27,1270044
2020-08-28,3046741
2020-08-29,3980130
2020-08-30,3685714
2020-08-31,2228096
2020-09-01,847739
2020-09-02,972327
2020-09-03,3194946
2020-09-04,4729215
2020-09-05,2422135
2020-09-06,1478039
2020-09-07,1399885
2020-09-08,1108746
2020-09-09,3502819
2020-09-10,999876
2020-09-11,2462165
2020-09-12,1111213
2020-09-13,1268734
2020-09-14,4741361
2020-09-15,2339433
2020-09-16,4172214
2020-09-17,2526580
2020-09-18,4839235
2020-09-19,1992252
2020-09-20,4026737
2020-09-21,901921
2020-09-22,2508960
2020-09-23,4955214
2020-09-24,587955
2020-09-25,4316446
2020-09-26,3876513
2020-09-27,2437878
2020-09-28,4902294
2020-09-29,2585259
2020-09-30,2975539
2020-10-01,2205215
2020-10-02,2989569
2020-10-03,3766402
2020-10-04,2483851
2020-10-05,4608880
2020-10-06,4761946
2020-10-07,590093
2020-10-08,2056182
2020-10-09,4911519
2020-10-10,2503679
2020-10-11,2232465
2020-10-12,4730258
2020-10-13,3673584
2020-10-14,3156807
2020-10-15,3359244
2020-10-16,1386040
2020-10-17,822918
2020-10-18,3438613
2020-10-19,2745909
2020-10-20,4562442
2020-10-21,616739
2020-10-22,1786585
2020-10-23,1280316
2020-10-24,4034550
2020-10-25,3989866
2020-10-26,1866853
2020-10-27,1514929
2020-10-28,2066847
2020-10-29,2920564
2020-10-30,3082569
2020-10-31,1980035
2020-11-01,688456
2020-11-02,3153093
2020-11-03,3803457
2020-11-04,4585412
2020-11-05,4922808
2020-11-06,1216756
2020-11-07,551226
2020-11-08,4251198
2020-11-09,4121509
2020-11-10,3638145
2020-11-11,4397611
2020-11-12,4226476
2020-11-13,4684056
2020-11-14,1072212
2020-11-15,4918441
2020-11-16,2000844
2020-11-17,1429168
2020-11-18,3943609
2020-11-19,863476
2020-11-20,1900283
2020-11-21,1191757
2020-11-22,890719
2020-11-23,2027937
2020-11-24,1649947
2020-11-25,3837920
2020-11-26,3796050
2020-11-27,2618324
2020-11-28,3178932
2020-11-29,1376031
2020-11-30,1770896
2020-12-01,4063706
2020-12-02,1559622
2020-12-03,4922375
2020-12-04,878165
2020-12-05,1208662
2020-12-06,4631479
2020-12-07,1512117
2020-12-08,1145188
2020-12-09,915008
2020-12-10,2131993
2020-12-11,3851278
2020-12-12,2842035
2020-12-13,3268362
2020-12-14,3526768
2020-12-15,1670365
2020-12-16,1179418
2020-12-17,2111754
2020-12-18,1614593
2020-12-19,1726952
2020-12-20,3221864
2020-12-21,4447208
2020-12-22,3438496
2020-12-23,4375754
2020-12-24,3204999
2020-12-25,3494200
2020-12-26,1824070
2020-12-27,3690914
2020-12-28,3024388
2020-12-29,2158987
2020-12-30,4376274
2020-12-31,3337981
2021-01-01,2161793
2021-01-02,1116036
2021-01-03,3891418
2021-01-04,928988
2021-01-05,4584752
2021-01-06,4874857
2021-01-07,3477590
2021-01-08,3797291
2021-01-09,4302429
2021-01-10,2990706
2021-01-11,1691902
2021-01-12,2992118
2021-01-13,4237973
2021-01-14,2702575
2021-01-15,964071
2021-01-16,4881137
2021-01-17,1275435
2021-01-18,2674606
2021-01-19,3998472
2021-01-20,3506316
2021-01-21,2064718
2021-01-22,2634793
2021-01-23,2102575
2021-01-24,4313270
2021-01-25,2878837
2021-01-26,2024102
2021-01-27,3690541
2021-01-28,1164180
2021-01-29,2883366
2021-01-30,2535848
2021-01-31,2939855
2021-02-01,704615
2021-02-02,2025233
2021-02-03,4396022
2021-02-04,2303740
2021-02-05,4468222
2021-02-06,3568893
2021-02-07,1338003
2021-02-08,3933382
2021-02-09,781570
2021-02-10,3682993
2021-02-11,4581082
2021-02-12,3895049
2021-02-13,566150
2021-02-14,2934206
2021-02-15,1059723
2021-02-16,3047500
2021-02-17,3855745
2021-02-18,1499554
2021-02-19,4693060
2021-02-20,4658634
2021-02-21,634055
2021-02-22,1176022
2021-02-23,1309942
2021-02-24,4379275
2021-02-25,1196358
2021-02-26,4095790
2021-02-27,2341648
2021-02-28,2188472
2021-03-01,4328433
2021-03-02,3235264
2021-03-03,4948748
2021-03-04,3200713
2021-03-05,2808989
2021-03-06,4637270
2021-03-07,4817922
2021-03-08,4615625
2021-03-09,959297
2021-03-10,1520154
2021-03-11,4577151
2021-03-12,3303696
2021-03-13,2593373
2021-03-14,2872280
2021-03-15,3416623
2021-03-16,3206871
2021-03-17,1370123
2021-03-18,3486249
2021-03-19,2359582
2021-03-20,4944499
2021-03-21,2629885
2021-03-22,2707148
2021-03-23,1049239
2021-03-24,1056701
2021-03-25,3547569
2021-03-26,1770464
2021-03-27,1285332
2021-03-28,1267950
2021-03-29,666472
2021-03-30,897710
2021-03-31,4817048
2021-04-01,3688729
2021-04-02,3350171
2021-04-03,1410775
2021-04-04,3096874
2021-04-05,1058924
2021-04-06,4381185
2021-04-07,4873656
2021-04-08,4512595
2021-04-09,2790435
2021-04-10,931413
2021-04-11,1852564
2021-04-12,2924050
2021-04-13,4665100
2021-04-14,1363561
2021-04-15,802186
2021-04-16,3707393
2021-04-17,4328464
2021-04-18,1526553
2021-04-19,1735202
2021-04-20,645271
2021-04-21,2715685
2021-04-22,4243797
2021-04-23,2014542
2021-04-24,4680656
2021-04-25,3430184
2021-04-26,576898
2021-04-27,3795097
2021-04-28,788316
2021-04-29,2508954
2021-04-30,2329553
2021-05-01,4588657
2021-05-02,3541341
2021-05-03,1539504
2021-05-04,4587810
2021-05-05,2605058
2021-05-06,2175843
2021-05-07,534701
2021-05-08,3729028
2021-05-09,2221610
2021-05-10,2680712
2021-05-11,2839767
2021-05-12,3114235
2021-05-13,991036
2021-05-14,827304
2021-05-15,2962616
2021-05-16,3210241
2021-05-17,3933803
2021-05-18,1642953
2021-05-19,4461352
2021-05-20,4478702
2021-05-21,4559175
2021-05-22,826916
2021-05-23,4097706
2021-05-24,1105409
2021-05-25,1574135
2021-05-26,3489179
2021-05-27,2225690
2021-05-28,3780772
2021-05-29,4657893
2021-05-30,903119
2021-05-31,4666769
2021-06-01,4820295
2021-06-02,902732
2021-06-03,1006079
2021-06-04,2450013
2021-06-05,3123836
2021-06-06,1632658
2021-06-07,2485209
2021-06-08,4822626
2021-06-09,1156951
2021-06-10,511303
2021-06-11,1710209
2021-06-12,3979591
2021-06-13,2866610
2021-06-14,4680303
2021-06-15,1568199
2021-06-16,4676224
2021-06-17,958298
2021-06-18,1547343
2021-06-19,605228
2021-06-20,2255692
2021-06-21,1384056
2021-06-22,2230228
2021-06-23,2446793
2021-06-24,2069123
2021-06-25,3779269
2021-06-26,2226470
2021-06-27,3840420
2021-06-28,548874
2021-06-29,2122572
2021-06-30,3720281
2021-07-01,3189784
2021-07-02,1209662
2021-07-03,970452
2021-07-04,2639686
2021-07-05,3092670
2021-07-06,942061
2021-07-07,3834732
2021-07-08,4261675
2021-07-09,2761286
2021-07-10,988972
2021-07-11,1623994
2021-07-12,3581328
2021-07-13,4598064
2021-07-14,3117703
2021-07-15,663038
2021-07-16,4463735
2021-07-17,1874572
2021-07-18,2855874
2021-07-19,1100530
2021-07-20,4148966
2021-07-21,1577833
2021-07-22,3077640
2021-07-23,935423
2021-07-24,1692929
2021-07-25,823390
2021-07-26,2164221
2021-07-27,4568316
2021-07-28,2156671
2021-07-29,638563
2021-07-30,1283066
2021-07-31,2054623
2021-08-01,4555957
2021-08-02,1097897
2021-08-03,4441237
2021-08-04,1272800
2021-08-05,2542999
2021-08-06,4022554
2021-08-07,4159985
2021-08-08,2402897
2021-08-09,4076511
2021-08-10,1663950
2021-08-11,1049148
2021-08-12,3273707
2021-08-13,3273939
2021-08-14,2435740
2021-08-15,3934955
2021-08-16,3245226
2021-08-17,3677326
2021-08-18,2054510
2021-08-19,2330815
2021-08-20,4263122
2021-08-21,2886378
2021-08-22,4921590
2021-08-23,3034937
2021-08-24,3657473
2021-08-25,1312461
2021-08-26,4927036
2021-08-27,4555555
2021-08-28,2218224
2021-08-29,3210626
2021-08-30,1424044
2021-08-31,3481352
2021-09-01,1886652
2021-09-02,785555
2021-09-03,944191
2021-09-04,2002337
2021-09-05,3986669
2021-09-06,1420597
2021-09-07,2543338
2021-09-08,4222946
2021-09-09,1986205
2021-09-10,3365899
2021-09-11,724695
2021-09-12,3481467
2021-09-13,3941628
2021-09-14,1601844
2021-09-15,1910706
2021-09-16,3840216
2021-09-17,4333284
2021-09-18,2347865
2021-09-19,1419484
2021-09-20,4517136
2021-09-21,844855
2021-09-22,1574961
2021-09-23,4061963
2021-09-24,2877935
2021-09-25,1634106
2021-09-26,4978011
2021-09-27,2974968
2021-09-28,2942266
2021-09-29,4937677
2021-09-30,1718758
2021-10-01,2155743
2021-10-02,4477019
2021-10-03,3568281
2021-10-04,1018349
2021-10-05,3381990
2021-10-06,1297968
2021-10-07,579083
2021-10-08,3155971
2021-10-09,4497615
2021-10-10,3374299
2021-10-11,2304673
2021-10-12,3438199
2021-10-13,1109996
2021-10-14,1278513
2021-10-15,3803389
2021-10-16,4854385
2021-10-17,888590
2021-10-18,2265982
2021-10-19,3278655
2021-10-20,3651882
2021-10-21,3710016
2021-10-22,2879877
2021-10-23,2889383
2021-10-24,664053
2021-10-25,1936536
2021-10-26,3042637
2021-10-27,3890926
2021-10-28,4113263
2021-10-29,4658549
2021-10-30,1846208
2021-10-31,2278599
2021-11-01,522431
2021-11-02,1743131
2021-11-03,1147008
2021-11-04,1073441
2021-11-05,4962816
2021-11-06,4870380
2021-11-07,2549949
2021-11-08,1768300
2021-11-09,2447763
2021-11-10,2129849
2021-11-11,2385077
2021-11-12,4382149
2021-11-13,550861
2021-11-14,4500737
2021-11-15,1221001
2021-11-16,2491083
2021-11-17,2123911
2021-11-18,1943717
2021-11-19,4909352
2021-11-20,3357733
2021-11-21,1705663
2021-11-22,533320
2021-11-23,827025
2021-11-24,864359
2021-11-25,1808507
2021-11-26,4566621
2021-11-27,1443187
2021-11-28,4493710
2021-11-29,2097690
2021-11-30,600734
2021-12-01,657702
2021-12-02,3351274
2021-12-03,1725811
2021-12-04,1647087
2021-12-05,3581091
2021-12-06,4329049
2021-12-07,3203381
2021-12-08,4168670
2021-12-09,4793122
2021-12-10,4846664
2021-12-11,1432817
2021-12-12,4835702
2021-12-13,3778360
2021-12-14,3462732
2021-12-15,2680338
2021-12-16,2492825
2021-12-17,4332978
2021-12-18,4615811
2021-12-19,1094604
2021-12-20,2549927
2021-12-21,3674108
2021-12-22,3231638
2021-12-23,764500
2021-12-24,2667478
2021-12-25,3476031
2021-12-26,1139282
2021-12-27,3403633
2021-12-28,2440369
2021-12-29,4448242
2021-12-30,1717060
2021-12-31,1531519
2022-01-01,1289352
2022-01-02,1890281
2022-01-03,4441106
2022-01-04,2822466
2022-01-05,2351317
2022-01-06,2446830
2022-01-07,3114150
2022-01-08,2068560
2022-01-09,3105214
2022-01-10,2729180
2022-01-11,2828599
2022-01-12,1495843
2022-01-13,4688891
2022-01-14,1126045
2022-01-15,4531419
2022-01-16,4995511
2022-01-17,1924945
2022-01-18,1891538
2022-01-19,2863999
2022-01-20,1220488
2022-01-21,919065
2022-01-22,3284372
2022-01-23,4725889
2022-01-24,1963807
2022-01-25,3592195
2022-01-26,2116449
2022-01-27,789102
2022-01-28,1836737
2022-01-29,3560006
2022-01-30,2877074
2022-01-31,3297753
2022-02-01,1590805
2022-02-02,4943778
2022-02-03,4662065
2022-02-04,3510087
2022-02-05,760116
2022-02-06,3468462
2022-02-07,3542146
2022-02-08,3118137
2022-02-09,4714279
2022-02-10,4852099
2022-02-11,4062223
2022-02-12,1757949
2022-02-13,3471981
2022-02-14,4350241
2022-02-15,4459076
2022-02-16,4234340
2022-02-17,3821765
2022-02-18,888076
2022-02-19,3609244
2022-02-20,2698611
2022-02-21,2460826
2022-02-22,3344664
2022-02-23,3113275
2022-02-24,1878369
2022-02-25,5923970
2022-02-26,2590212
2022-02-27,4671774
2022-02-28,2741984
2022-03-01,652999
2022-03-02,561367
2022-03-03,1253315
2022-03-04,3505334
2022-03-05,3354190
2022-03-06,1784382
2022-03-07,4353321
2022-03-08,3154837
2022-03-09,3984239
2022-03-10,1542377
2022-03-11,3757181
2022-03-12,1423780
2022-03-13,3366451
2022-03-14,2968152
2022-03-15,4907871
2022-03-16,2442811
2022-03-17,798090
2022-03-18,817348
2022-03-19,1826283
2022-03-20,592324
2022-03-21,2820688
2022-03-22,2305808
2022-03-23,1820567
2022-03-24,4720459
2022-03-25,4515470
2022-03-26,3777419
2022-03-27,4122138
2022-03-28,3040476
2022-03-29,4729011
2022-03-30,1437841
2022-03-31,2067053
2022-04-01,2416545
2022-04-02,3343940
2022-04-03,4432441
2022-04-04,1707068
2022-04-05,4864406
2022-04-06,894274
2022-04-07,4911589
2022-04-08,1886980
2022-04-09,1708052
2022-04-10,3355994
2022-04-11,3447762
2022-04-12,2893293
2022-04-13,3540267
2022-04-14,4342323
2022-04-15,1797076
2022-04-16,1680887
2022-04-17,2307610
2022-04-18,4939850
2022-04-19,3248385
2022-04-20,4215288
2022-04-21,2424401
2022-04-22,2396220
2022-04-23,3638744
2022-04-24,646470
2022-04-25,1867223
2022-04-26,1555146
2022-04-27,2928081
2022-04-28,4179126
2022-04-29,4144843
2022-04-30,4773445
2022-05-01,4706419
2022-05-02,3684790
2022-05-03,3406495
2022-05-04,4641363
2022-05-05,2074833
2022-05-06,3427337
2022-05-07,2548891
2022-05-08,1670439
2022-05-09,4146804
2022-05-10,1147296
2022-05-11,2049302
2022-05-12,3622951
2022-05-13,2178687
2022-05-14,1300101
2022-05-15,4600612
2022-05-16,2459406
2022-05-17,1464918
2022-05-18,996758
2022-05-19,528625
2022-05-20,3333552
2022-05-21,3931961
2022-05-22,1776647
2022-05-23,4542608
2022-05-24,3027576
2022-05-25,816205
2022-05-26,3545315
2022-05-27,3644480
2022-05-28,4795680
2022-05-29,4070834
2022-05-30,3430639
2022-05-31,3364781
2022-06-01,4605519
2022-06-02,4117860
2022-06-03,4852360
2022-06-04,4440285
2022-06-05,3127144
2022-06-06,3325896
2022-06-07,2538540
2022-06-08,3239956
2022-06-09,3119980
2022-06-10,1221384
2022-06-11,1019777
2022-06-12,4199181
2022-06-13,3387698
2022-06-14,4730625
2022-06-15,2932593
2022-06-16,4528812
2022-06-17,4531464
2022-06-18,3890742
2022-06-19,656498
2022-06-20,3387296
2022-06-21,3236582
2022-06-22,1600500
2022-06-23,2076590
2022-06-24,2461977
2022-06-25,4532654
2022-06-26,1164468
2022-06-27,3860160
2022-06-28,3785727
2022-06-29,1380112
2022-06-30,3537099
2022-07-01,4774277
2022-07-02,4495609
2022-07-03,2542823
2022-07-04,1548173
2022-07-05,2002025
2022-07-06,3091661
2022-07-07,2412584
2022-07-08,4277538
2022-07-09,725049
2022-07-10,1817191
2022-07-11,3361509
2022-07-12,1247419
2022-07-13,1579924
2022-07-14,2880932
2022-07-15,2154753
2022-07-16,904772
2022-07-17,2215499
2022-07-18,1071107
2022-07-19,2575406
2022-07-20,3017334
2022-07-21,2586213
2022-07-22,3858509
2022-07-23,3279499
2022-07-24,2413722
2022-07-25,3310860
2022-07-26,1048884
2022-07-27,2499254
2022-07-28,1487471
2022-07-29,4753486
2022-07-30,4656532
2022-07-31,2201667
2022-08-01,4117556
2022-08-02,3367340
2022-08-03,758517
2022-08-04,1857133
2022-08-05,1205475
2022-08-06,4439311
2022-08-07,1248013
2022-08-08,3288890
2022-08-09,1752078
2022-08-10,4838843
2022-08-11,924226
2022-08-12,4167591
2022-08-13,3767727
2022-08-14,4617923
2022-08-15,4103101
2022-08-16,1198956
2022-08-17,4401529
2022-08-18,3903096
2022-08-19,4780669
2022-08-20,1254950
2022-08-21,675211
2022-08-22,4592966
2022-08-23,4757950
2022-08-24,765798
2022-08-25,2030814
2022-08-26,2383376
2022-08-27,4391113
2022-08-28,3521097
2022-08-29,655683
2022-08-30,3503475
2022-08-31,2487755
2022-09-01,2406039
2022-09-02,1955465
2022-09-03,4692814
2022-09-04,1494170
2022-09-05,3209644
2022-09-06,711830
2022-09-07,4062613
2022-09-08,3829049
2022-09-09,1021998
2022-09-10,4560119
2022-09-11,4246169
2022-09-12,575388
2022-09-13,2275767
2022-09-14,2829753
2022-09-15,1997618
2022-09-16,4521080
2022-09-17,4928690
2022-09-18,3989443
2022-09-19,3058944
2022-09-20,1001174
2022-09-21,3381777
2022-09-22,3248996
2022-09-23,695246
2022-09-24,4196176
2022-09-25,2843394
2022-09-26,1011083
2022-09-27,1512384
2022-09-28,1366964
2022-09-29,549104
2022-09-30,3556277
2022-10-01,1363663
2022-10-02,4900072
2022-10-03,1706861
2022-10-04,3619612
2022-10-05,3391005
2022-10-06,757681
2022-10-07,594018
2022-10-08,2498197
2022-10-09,2554780
2022-10-10,3939782
2022-10-11,4923408
2022-10-12,1342186
2022-10-13,4887814
2022-10-14,1993293
2022-10-15,3051314
2022-10-16,1624905
2022-10-17,3605958
2022-10-18,3758084
2022-10-19,704451
2022-10-20,2480290
2022-10-21,3924328
2022-10-22,903322
2022-10-23,4810796
2022-10-24,4577716
2022-10-25,4859879
2022-10-26,2590545
2022-10-27,2408802
2022-10-28,2048075
2022-10-29,993948
2022-10-30,4668962
2022-10-31,4244085
2022-11-01,1280641
2022-11-02,4966134
2022-11-03,2054205
2022-11-04,2204597
2022-11-05,4265689
2022-11-06,3051331
2022-11-07,3627748
2022-11-08,1335036
2022-11-09,2869822
2022-11-10,4501070
2022-11-11,2888278
2022-11-12,3383791
2022-11-13,4680413
2022-11-14,3996605
2022-11-15,1805487
2022-11-16,808623
2022-11-17,4147371
2022-11-18,3796903
2022-11-19,2768115
2022-11-20,1690402
2022-11-21,1647116
2022-11-22,3456566
2022-11-23,4272763
2022-11-24,810375
2022-11-25,2626453
2022-11-26,1771300
2022-11-27,4159731
2022-11-28,4888087
2022-11-29,4342411
2022-11-30,1515416
2022-12-01,2814181
2022-12-02,3904231
2022-12-03,3765696
2022-12-04,4705003
2022-12-05,3841861
2022-12-06,3115804
2022-12-07,4812717
2022-12-08,2482243
2022-12-09,2192128
2022-12-10,3913654
2022-12-11,3770209
2022-12-12,715400
2022-12-13,3157025
2022-12-14,3824664
2022-12-15,4094058
2022-12-16,2635219
2022-12-17,2246621
2022-12-18,4712377
2022-12-19,4730339
2022-12-20,1744625
2022-12-21,733782
2022-12-22,4235466
2022-12-23,2083246
2022-12-24,1226331
2022-12-25,2294291
2022-12-26,4398606
2022-12-27,3482448
2022-12-28,3378117
2022-12-29,4981617
2022-12-30,4781772
2022-12-31,2543037
2023-01-01,4886007
2023-01-02,4233149
2023-01-03,3587821
2023-01-04,3304802
2023-01-05,4657263
2023-01-06,4988198
2023-01-07,2113325
2023-01-08,4112744
2023-01-09,1626798
2023-01-10,3233460
2023-01-11,4615362
2023-01-12,2203377
2023-01-13,1752557
2023-01-14,4798515
2023-01-15,3832049
2023-01-16,1990687
2023-01-17,1423160
2023-01-18,4557025
2023-01-19,4102684
2023-01-20,3447893
2023-01-21,4288963
2023-01-22,4374910
2023-01-23,3651629
2023-01-24,2759776
2023-01-25,3868045
2023-01-26,4840092
2023-01-27,3132578
2023-01-28,1468616
2023-01-29,4717733
2023-01-30,1750956
2023-01-31,1990036
2023-02-01,3369729
2023-02-02,2309377
2023-02-03,1565923
2023-02-04,2220856
2023-02-05,1056110
2023-02-06,1464163
2023-02-07,3512539
2023-02-08,4702271
2023-02-09,4542879
2023-02-10,4181887
2023-02-11,2822523
2023-02-12,4375358
2023-02-13,1713261
2023-02-14,751537
2023-02-15,2256124
2023-02-16,1341531
2023-02-17,1364645
2023-02-18,1928127
2023-02-19,971082
2023-02-20,2421277
2023-02-21,4754849
2023-02-22,3947794
2023-02-23,2115777
2023-02-24,4004905
2023-02-25,4012664
2023-02-26,1473181
2023-02-27,3616810
2023-02-28,1991633
2023-03-01,2033854
2023-03-02,2561774
2023-03-03,3290358
2023-03-04,4360562
2023-03-05,3690664
2023-03-06,2265524
2023-03-07,1750632
2023-03-08,2822621
2023-03-09,637478
2023-03-10,3743087
2023-03-11,1409711
2023-03-12,4211584
2023-03-13,2119715
2023-03-14,3090310
2023-03-15,2127687
2023-03-16,1460612
2023-03-17,927387
2023-03-18,4146259
2023-03-19,2044613
2023-03-20,1797638
2023-03-21,2654174
2023-03-22,2930525
2023-03-23,3595010
2023-03-24,2956070
2023-03-25,989626
2023-03-26,788859
2023-03-27,2046236
2023-03-28,4501412
2023-03-29,2790870
2023-03-30,1094305
2023-03-31,4757341
2023-04-01,4259834
2023-04-02,3127988
2023-04-03,704366
2023-04-04,1002420
2023-04-05,2751401
2023-04-06,2179161
2023-04-07,1538199
2023-04-08,1160902
2023-04-09,2038112
2023-04-10,2226676
2023-04-11,1870073
2023-04-12,4653585
2023-04-13,2185996
2023-04-14,3746417
2023-04-15,1202436
2023-04-16,3043788
2023-04-17,1852144
2023-04-18,2051330
2023-04-19,1471248
2023-04-20,1607411
2023-04-21,2193439
2023-04-22,2331094
2023-04-23,3937172
2023-04-24,1559325
2023-04-25,2463571
2023-04-26,4919323
2023-04-27,1097218
2023-04-28,4315144
2023-04-29,3936252
2023-04-30,1317052
2023-05-01,2485957
2023-05-02,1928080
2023-05-03,1601928
2023-05-04,3021279
2023-05-05,2600343
2023-05-06,4596392
2023-05-07,3226016
2023-05-08,1744289
2023-05-09,942939
2023-05-10,1552207
2023-05-11,3782972
2023-05-12,804224
2023-05-13,4914473
2023-05-14,3211793
2023-05-15,2819124
2023-05-16,4423227
2023-05-17,2573290
2023-05-18,3018970
2023-05-19,4389877
2023-05-20,2227408
2023-05-21,3301742
2023-05-22,3588272
2023-05-23,1555675
2023-05-24,4064375
2023-05-25,1465188
2023-05-26,2661088
2023-05-27,2820484
2023-05-28,4605223
2023-05-29,3322988
2023-05-30,4419047
2023-05-31,3968792
2023-06-01,987510
2023-06-02,4075168
2023-06-03,4555447
2023-06-04,2173879
2023-06-05,2280752
2023-06-06,3793331
2023-06-07,4264455
2023-06-08,4835518
2023-06-09,903082
2023-06-10,701139
2023-06-11,4404722
2023-06-12,3246866
2023-06-13,1707786
2023-06-14,592601
2023-06-15,3675684
2023-06-16,3884068
2023-06-17,1129085
2023-06-18,2459925
2023-06-19,3509887
2023-06-20,2018087
2023-06-21,2513321
2023-06-22,3018638
2023-06-23,1103103
2023-06-24,4733583
2023-06-25,2489968
2023-06-26,2745854
2023-06-27,3116241
2023-06-28,3343586
2023-06-29,1757008
2023-06-30,4570211
2023-07-01,4343688
2023-07-02,4116984
2023-07-03,4817561
2023-07-04,4518365
2023-07-05,1503171
2023-07-06,3400737
2023-07-07,1870485
2023-07-08,2181076
2023-07-09,2111935
2023-07-10,612990
2023-07-11,1481883
2023-07-12,2168321
2023-07-13,3793705
2023-07-14,2118702
2023-07-15,2000071
2023-07-16,4259505
2023-07-17,526806
2023-07-18,4764423
2023-07-19,2373722
2023-07-20,2019603
2023-07-21,2468541
2023-07-22,3004659
2023-07-23,2250740
2023-07-24,1363403
2023-07-25,1379903
2023-07-26,1385421
2023-07-27,4778384
2023-07-28,1478836
2023-07-29,3723522
2023-07-30,2717181
2023-07-31,679830
2023-08-01,2056518
2023-08-02,3984144
2023-08-03,3159083
2023-08-04,4613640
2023-08-05,1736497
2023-08-06,2047261
2023-08-07,1366183
2023-08-08,1122893
2023-08-09,4395958
2023-08-10,951157
2023-08-11,1765898
2023-08-12,2620539
2023-08-13,1380412
2023-08-14,3731185
2023-08-15,2741281
2023-08-16,4234044
2023-08-17,817875
2023-08-18,1728337
2023-08-19,3166078
2023-08-20,984814
2023-08-21,1726134
2023-08-22,4190583
2023-08-23,3020107
2023-08-24,2130668
2023-08-25,2099908
2023-08-26,2664412
2023-08-27,2853847
2023-08-28,3130146
2023-08-29,3392478
2023-08-30,2484117
2023-08-31,2943282
2023-09-01,529725
2023-09-02,1685574
2023-09-03,4798859
2023-09-04,1295928
2023-09-05,1388036
2023-09-06,3471783
2023-09-07,3162761
2023-09-08,3013024
2023-09-09,3040034
2023-09-10,2898083
2023-09-11,3053314
2023-09-12,4409439
2023-09-13,4411146
2023-09-14,2140920
2023-09-15,2207017
2023-09-16,1189556
2023-09-17,3289247
2023-09-18,3357261
2023-09-19,3725830
2023-09-20,2753722
2023-09-21,2149729
2023-09-22,1616271
2023-09-23,3028268
2023-09-24,3599555
2023-09-25,2181641
2023-09-26,1016409
2023-09-27,1166165
2023-09-28,3288363
2023-09-29,4976321
2023-09-30,4210388
2023-10-01,3735192
2023-10-02,3267891
2023-10-03,3763050
2023-10-04,2240687
2023-10-05,2435090
2023-10-06,1245182
2023-10-07,4437270
2023-10-08,916978
2023-10-09,1533316
2023-10-10,3121038
2023-10-11,3880355
2023-10-12,2270485
2023-10-13,4368452
2023-10-14,4505605
2023-10-15,2701044
2023-10-16,1812743
2023-10-17,3241094
2023-10-18,2427205
2023-10-19,4234445
2023-10-20,604195
2023-10-21,4601036
2023-10-22,1838486
2023-10-23,2665251
2023-10-24,1977852
2023-10-25,3714850
2023-10-26,2220023
2023-10-27,3170308
2023-10-28,4062169
2023-10-29,4527446
2023-10-30,986275
2023-10-31,798871
2023-11-01,1657655
2023-11-02,3449281
2023-11-03,1794929
2023-11-04,3004594
2023-11-05,1743294
2023-11-06,4067675
2023-11-07,1396816
2023-11-08,4307085
2023-11-09,2914802
2023-11-10,943031
2023-11-11,1590668
2023-11-12,3290373
2023-11-13,4183444
2023-11-14,4416643
2023-11-15,3787058
2023-11-16,3703503
2023-11-17,2285516
2023-11-18,4658179
2023-11-19,790998
2023-11-20,2328022
2023-11-21,3548593
2023-11-22,1909854
2023-11-23,681360
2023-11-24,2944026
2023-11-25,3015419
2023-11-26,4638286
2023-11-27,1791210
2023-11-28,3143061
2023-11-29,4084197
2023-11-30,811955
2023-12-01,2627599
2023-12-02,2725198
2023-12-03,2065070
2023-12-04,4331342
2023-12-05,4882794
2023-12-06,4290328
2023-12-07,4396892
2023-12-08,2763089
2023-12-09,3962092
2023-12-10,4937610
2023-12-11,3739536
2023-12-12,2826133
2023-12-13,2239461
2023-12-14,2650224
2023-12-15,4502713
2023-12-16,1087100
2023-12-17,3915871
2023-12-18,2881732
2023-12-19,2377971
2023-12-20,2849316
2023-12-21,4541059
2023-12-22,3366757
2023-12-23,1836921
2023-12-24,2747939
2023-12-25,4854685
2023-12-26,2077969
2023-12-27,4434999
2023-12-28,4763224
2023-12-29,3247176
2023-12-30,3528149
2023-12-31,3138509
